<?xml version="1.0"?>
<doc>
    <assembly>
        <name>SpinRewriterAPI</name>
    </assembly>
    <members>
        <member name="T:SpinRewriter.ConfidenceLevels">
            <summary>
            The confidence level of the One-Click Rewrite process.
            </summary>
        </member>
        <member name="T:SpinRewriter.SpinRewriterAPI">
            <summary>
            Main Spin Rewrtier API class. Initialize it first with your email and API key.
            </summary>
        </member>
        <member name="M:SpinRewriter.SpinRewriterAPI.#ctor(System.String,System.String)">
            <summary>
            Spin Rewriter API constructor, complete with authentication.
            </summary>
            <param name="email_address"></param>
            <param name="api_key"></param>
        </member>
        <member name="M:SpinRewriter.SpinRewriterAPI.parseBool(System.Boolean)">
            <summary>
            Convert a boolean value into a lowercase string.
            </summary>
            <param name="value"></param>
            <returns>Output boolean value in lowercase string format.</returns>
        </member>
        <member name="M:SpinRewriter.SpinRewriterAPI.getQuota">
            <summary>
            Returns the API Quota (the number of made and remaining API calls for the 24-hour period).
            </summary>
            <returns>JSON response</returns>
        </member>
        <member name="M:SpinRewriter.SpinRewriterAPI.getTextWithSpintax(System.String)">
            <summary>
            Returns the processed text with the {first option|second option} spinning syntax.
            </summary>
            <param name="text"></param>
            <returns>JSON response</returns>
        </member>
        <member name="M:SpinRewriter.SpinRewriterAPI.getUniqueVariation(System.String)">
            <summary>
            Returns one of the possible unique variations of the processed text.
            </summary>
            <param name="text"></param>
            <returns>JSON response</returns>
        </member>
        <member name="M:SpinRewriter.SpinRewriterAPI.getUniqueVariationFromSpintax(System.String)">
            <summary>
            Returns one of the possible unique variations of given text that already contains valid spintax. No additional processing is done.
            </summary>
            <param name="text"></param>
            <returns>JSON response</returns>
        </member>
        <member name="M:SpinRewriter.SpinRewriterAPI.setProtectedTerms(System.String[])">
            <summary>
            Sets the list of protected keywords and key phrases.
            </summary>
            <param name="protected_terms">Array of words</param>
            <returns></returns>
        </member>
        <member name="M:SpinRewriter.SpinRewriterAPI.setProtectedTerms(System.String)">
            <summary>
            Sets the list of protected keywords and key phrases.
            </summary>
            <param name="protected_terms">Comma separated list or newline separated list</param>
            <returns></returns>
        </member>
        <member name="M:SpinRewriter.SpinRewriterAPI.setAutoProtectedTerms(System.Boolean)">
            <summary>
            Sets whether the One-Click Rewrite process automatically protects Capitalized Words outside the article's title.
            </summary>
            <param name="auto_protected_terms"></param>
            <returns></returns>
        </member>
        <member name="M:SpinRewriter.SpinRewriterAPI.setConfidenceLevel(SpinRewriter.ConfidenceLevels)">
            <summary>
            Sets the confidence level of the One-Click Rewrite process.
            </summary>
            <param name="confidence_level">Either one of ConfidenceLevels.Low, ConfidenceLevels.Medium, ConfidenceLevels.High, </param>
            <returns></returns>
        </member>
        <member name="M:SpinRewriter.SpinRewriterAPI.setNestedSpintax(System.Boolean)">
            <summary>
            Sets whether the One-Click Rewrite process uses nested spinning syntax (multi-level spinning) or not.
            </summary>
            <param name="nested_spintax"></param>
            <returns></returns>
        </member>
        <member name="M:SpinRewriter.SpinRewriterAPI.setAutoSentences(System.Boolean)">
            <summary>
            Sets whether Spin Rewriter rewrites complete sentences on its own.
            </summary>
            <param name="auto_sentences"></param>
            <returns></returns>
        </member>
        <member name="M:SpinRewriter.SpinRewriterAPI.setAutoParagraphs(System.Boolean)">
            <summary>
            Sets whether Spin Rewriter rewrites entire paragraphs on its own.
            </summary>
            <param name="auto_paragraphs"></param>
            <returns></returns>
        </member>
        <member name="M:SpinRewriter.SpinRewriterAPI.setAutoNewParagraphs(System.Boolean)">
            <summary>
            Sets whether Spin Rewriter writes additional paragraphs on its own.
            </summary>
            <param name="auto_new_paragraphs"></param>
            <returns></returns>
        </member>
        <member name="M:SpinRewriter.SpinRewriterAPI.setAutoSentenceTrees(System.Boolean)">
            <summary>
            Sets whether Spin Rewriter changes the entire structure of phrases and sentences.
            </summary>
            <param name="auto_sentence_trees"></param>
            <returns></returns>
        </member>
        <member name="M:SpinRewriter.SpinRewriterAPI.setUseOnlySynonyms(System.Boolean)">
            <summary>
            Sets whether Spin Rewriter should only use synonyms (where available) when generating spun text.
            </summary>
            <param name="use_only_synonyms"></param>
            <returns></returns>
        </member>
        <member name="M:SpinRewriter.SpinRewriterAPI.setReorderParagraphs(System.Boolean)">
            <summary>
            Sets whether Spin Rewriter should intelligently randomize the order of paragraphs and lists when generating spun text.
            </summary>
            <param name="reorder_paragraphs"></param>
            <returns></returns>
        </member>
        <member name="M:SpinRewriter.SpinRewriterAPI.setAddHTMLMarkup(System.Boolean)">
            <summary>
            Sets whether Spin Rewriter should automatically enrich generated articles with headings, bullet points, etc.
            </summary>
            <param name="add_html_markup"></param>
            <returns></returns>
        </member>
        <member name="M:SpinRewriter.SpinRewriterAPI.setUseHTMLLinebreaks(System.Boolean)">
            <summary>
            Sets whether Spin Rewriter should automatically convert line-breaks to HTML tags.
            </summary>
            <param name="use_html_linebreaks"></param>
            <returns></returns>
        </member>
        <member name="M:SpinRewriter.SpinRewriterAPI.setSpintaxFormat(System.String)">
            <summary>
            Sets the desired spintax format to be used with the returned spun text.
            </summary>
            <param name="spintax_format">One of the following '{|}', '{~}', '[|]', '[spin]'</param>
            <returns></returns>
        </member>
        <member name="M:SpinRewriter.SpinRewriterAPI.makeRequest">
            <summary>
            Sends a request to the Spin Rewriter API and return a Promise with JSON encoded response.
            </summary>
            <returns>JSON response or null on error.</returns>
        </member>
    </members>
</doc>
